공개 파일,셀,원시 XML 위치,원시 값,서식,62b8c3e,수정본,독립 기대,기준 동일,표시 일치
poi-src/test-data/spreadsheet/57181.xlsm,CCSInfo!E1,xl/worksheets/sheet1.xml:E1,2.0833333333333332E-2,[=0]?;[<4.16666666666667][hh]:mm:ss;[hh]:mm,00:30:00,00:30:00,00:30:00,True,True
poi-src/test-data/spreadsheet/57181.xlsm,General!BF11,xl/worksheets/sheet2.xml:BF11,1.7361111111111112E-3,[=0]?;[<4.16666666666667][hh]:mm:ss;[hh]:mm,00:02:30,00:02:30,00:02:30,True,True
poi-src/test-data/spreadsheet/57181.xlsm,General!BG11,xl/worksheets/sheet2.xml:BG11,5.7870370370370378E-4,[=0]?;[<4.16666666666667][hh]:mm:ss;[hh]:mm,00:00:50,00:00:50,00:00:50,True,True
poi-src/test-data/spreadsheet/57181.xlsm,General!BH11,xl/worksheets/sheet2.xml:BH11,3.1250000000000001E-4,[=0]?;[<4.16666666666667][hh]:mm:ss;[hh]:mm,00:00:27,00:00:27,00:00:27,True,True
poi-src/test-data/spreadsheet/57181.xlsm,General!BI11,xl/worksheets/sheet2.xml:BI11,1.0416666666666667E-4,[=0]?;[<4.16666666666667][hh]:mm:ss;[hh]:mm,00:00:09,00:00:09,00:00:09,True,True
poi-src/test-data/spreadsheet/57181.xlsm,General!BO11,xl/worksheets/sheet2.xml:BO11,2.3148148148148146E-4,[=0]?;[<4.16666666666667][hh]:mm:ss;[hh]:mm,00:00:20,00:00:20,00:00:20,True,True
poi-src/test-data/spreadsheet/57181.xlsm,General!BP11,xl/worksheets/sheet2.xml:BP11,7.7160493827160492E-5,[=0]?;[<4.16666666666667][hh]:mm:ss;[hh]:mm,00:00:07,00:00:07,00:00:07,True,True
poi-src/test-data/spreadsheet/57181.xlsm,General!BQ11,xl/worksheets/sheet2.xml:BQ11,3.7037037037037041E-4,[=0]?;[<4.16666666666667][hh]:mm:ss;[hh]:mm,00:00:32,00:00:32,00:00:32,True,True
poi-src/test-data/spreadsheet/57181.xlsm,General!BR11,xl/worksheets/sheet2.xml:BR11,1.2345679012345679E-4,[=0]?;[<4.16666666666667][hh]:mm:ss;[hh]:mm,00:00:11,00:00:11,00:00:11,True,True
poi-src/test-data/spreadsheet/57181.xlsm,General!BS11,xl/worksheets/sheet2.xml:BS11,1.0879629629629631E-3,[=0]?;[<4.16666666666667][hh]:mm:ss;[hh]:mm,00:01:34,00:01:34,00:01:34,True,True
poi-src/test-data/spreadsheet/57181.xlsm,General!BT11,xl/worksheets/sheet2.xml:BT11,3.6265432098765439E-4,[=0]?;[<4.16666666666667][hh]:mm:ss;[hh]:mm,00:00:31,00:00:31,00:00:31,True,True
poi-src/test-data/spreadsheet/57181.xlsm,General!BU11,xl/worksheets/sheet2.xml:BU11,3.4722222222222222E-5,[=0]?;[<4.16666666666667][hh]:mm:ss;[hh]:mm,00:00:03,00:00:03,00:00:03,True,True
poi-src/test-data/spreadsheet/57181.xlsm,General!BV11,xl/worksheets/sheet2.xml:BV11,1.1574074074074073E-5,[=0]?;[<4.16666666666667][hh]:mm:ss;[hh]:mm,00:00:01,00:00:01,00:00:01,True,True
poi-src/test-data/spreadsheet/57181.xlsm,General!BF17,xl/worksheets/sheet2.xml:BF17,1.3888888888888889E-4,[=0]?;[<4.16666666666667][hh]:mm:ss;[hh]:mm,00:00:12,00:00:12,00:00:12,True,True
poi-src/test-data/spreadsheet/57181.xlsm,General!BG17,xl/worksheets/sheet2.xml:BG17,1.3888888888888889E-4,[=0]?;[<4.16666666666667][hh]:mm:ss;[hh]:mm,00:00:12,00:00:12,00:00:12,True,True
poi-src/test-data/spreadsheet/57181.xlsm,General!BH17,xl/worksheets/sheet2.xml:BH17,1.0416666666666667E-4,[=0]?;[<4.16666666666667][hh]:mm:ss;[hh]:mm,00:00:09,00:00:09,00:00:09,True,True
poi-src/test-data/spreadsheet/57181.xlsm,General!BI17,xl/worksheets/sheet2.xml:BI17,1.0416666666666667E-4,[=0]?;[<4.16666666666667][hh]:mm:ss;[hh]:mm,00:00:09,00:00:09,00:00:09,True,True
poi-src/test-data/spreadsheet/57181.xlsm,General!BO17,xl/worksheets/sheet2.xml:BO17,1.3888888888888889E-4,[=0]?;[<4.16666666666667][hh]:mm:ss;[hh]:mm,00:00:12,00:00:12,00:00:12,True,True
poi-src/test-data/spreadsheet/57181.xlsm,General!BP17,xl/worksheets/sheet2.xml:BP17,1.3888888888888889E-4,[=0]?;[<4.16666666666667][hh]:mm:ss;[hh]:mm,00:00:12,00:00:12,00:00:12,True,True
poi-src/test-data/spreadsheet/57181.xlsm,General!BQ17,xl/worksheets/sheet2.xml:BQ17,6.9444444444444444E-5,[=0]?;[<4.16666666666667][hh]:mm:ss;[hh]:mm,00:00:06,00:00:06,00:00:06,True,True
poi-src/test-data/spreadsheet/57181.xlsm,General!BR17,xl/worksheets/sheet2.xml:BR17,6.9444444444444444E-5,[=0]?;[<4.16666666666667][hh]:mm:ss;[hh]:mm,00:00:06,00:00:06,00:00:06,True,True
poi-src/test-data/spreadsheet/57181.xlsm,General!BS17,xl/worksheets/sheet2.xml:BS17,2.314814814814815E-5,[=0]?;[<4.16666666666667][hh]:mm:ss;[hh]:mm,00:00:02,00:00:02,00:00:02,True,True
poi-src/test-data/spreadsheet/57181.xlsm,General!BT17,xl/worksheets/sheet2.xml:BT17,2.314814814814815E-5,[=0]?;[<4.16666666666667][hh]:mm:ss;[hh]:mm,00:00:02,00:00:02,00:00:02,True,True
poi-src/test-data/spreadsheet/57181.xlsm,General!BU17,xl/worksheets/sheet2.xml:BU17,1.1574074074074075E-5,[=0]?;[<4.16666666666667][hh]:mm:ss;[hh]:mm,00:00:01,00:00:01,00:00:01,True,True
poi-src/test-data/spreadsheet/57181.xlsm,General!BV17,xl/worksheets/sheet2.xml:BV17,1.1574074074074075E-5,[=0]?;[<4.16666666666667][hh]:mm:ss;[hh]:mm,00:00:01,00:00:01,00:00:01,True,True
poi-src/test-data/spreadsheet/57181.xlsm,General!BF40,xl/worksheets/sheet2.xml:BF40,1.8750000000000001E-3,[=0]?;[<4.16666666666667][hh]:mm:ss;[hh]:mm,00:02:42 (=SUM(BF8:BF39)),00:02:42 (=SUM(BF8:BF39)),00:02:42,True,True
poi-src/test-data/spreadsheet/57181.xlsm,General!BH40,xl/worksheets/sheet2.xml:BH40,4.1666666666666669E-4,[=0]?;[<4.16666666666667][hh]:mm:ss;[hh]:mm,00:00:36 (=SUM(BH8:BH39)),00:00:36 (=SUM(BH8:BH39)),00:00:36,True,True
poi-src/test-data/spreadsheet/57181.xlsm,General!BO40,xl/worksheets/sheet2.xml:BO40,3.7037037037037035E-4,[=0]?;[<4.16666666666667][hh]:mm:ss;[hh]:mm,00:00:32 (=SUM(BO8:BO39)),00:00:32 (=SUM(BO8:BO39)),00:00:32,True,True
poi-src/test-data/spreadsheet/57181.xlsm,General!BQ40,xl/worksheets/sheet2.xml:BQ40,4.3981481481481486E-4,[=0]?;[<4.16666666666667][hh]:mm:ss;[hh]:mm,00:00:38 (=SUM(BQ8:BQ39)),00:00:38 (=SUM(BQ8:BQ39)),00:00:38,True,True
poi-src/test-data/spreadsheet/57181.xlsm,General!BS40,xl/worksheets/sheet2.xml:BS40,1.1111111111111113E-3,[=0]?;[<4.16666666666667][hh]:mm:ss;[hh]:mm,00:01:36 (=SUM(BS8:BS39)),00:01:36 (=SUM(BS8:BS39)),00:01:36,True,True
poi-src/test-data/spreadsheet/57181.xlsm,General!BU40,xl/worksheets/sheet2.xml:BU40,4.6296296296296301E-5,[=0]?;[<4.16666666666667][hh]:mm:ss;[hh]:mm,00:00:04 (=SUM(BU8:BU39)),00:00:04 (=SUM(BU8:BU39)),00:00:04,True,True
poi-src/test-data/spreadsheet/57181.xlsm,General!BF41,xl/worksheets/sheet2.xml:BF41,6.2500000000000001E-5,[=0]?;[<4.16666666666667][hh]:mm:ss;[hh]:mm,"00:00:05 (=IF(COUNT(BF8:BF39)<>0,AVERAGE(BF8:BF39),))","00:00:05 (=IF(COUNT(BF8:BF39)<>0,AVERAGE(BF8:BF39),))",00:00:05,True,True
poi-src/test-data/spreadsheet/57181.xlsm,General!BH41,xl/worksheets/sheet2.xml:BH41,1.388888888888889E-5,[=0]?;[<4.16666666666667][hh]:mm:ss;[hh]:mm,"00:00:01 (=IF(COUNT(BH8:BH39)<>0,AVERAGE(BH8:BH39),))","00:00:01 (=IF(COUNT(BH8:BH39)<>0,AVERAGE(BH8:BH39),))",00:00:01,True,True
poi-src/test-data/spreadsheet/57181.xlsm,General!BO41,xl/worksheets/sheet2.xml:BO41,1.2345679012345678E-5,[=0]?;[<4.16666666666667][hh]:mm:ss;[hh]:mm,"00:00:01 (=IF(COUNT(BO8:BO39)<>0,AVERAGE(BO8:BO39),))","00:00:01 (=IF(COUNT(BO8:BO39)<>0,AVERAGE(BO8:BO39),))",00:00:01,True,True
poi-src/test-data/spreadsheet/57181.xlsm,General!BQ41,xl/worksheets/sheet2.xml:BQ41,1.4660493827160496E-5,[=0]?;[<4.16666666666667][hh]:mm:ss;[hh]:mm,"00:00:01 (=IF(COUNT(BQ8:BQ39)<>0,AVERAGE(BQ8:BQ39),))","00:00:01 (=IF(COUNT(BQ8:BQ39)<>0,AVERAGE(BQ8:BQ39),))",00:00:01,True,True
poi-src/test-data/spreadsheet/57181.xlsm,General!BS41,xl/worksheets/sheet2.xml:BS41,3.7037037037037043E-5,[=0]?;[<4.16666666666667][hh]:mm:ss;[hh]:mm,"00:00:03 (=IF(COUNT(BS8:BS39)<>0,AVERAGE(BS8:BS39),))","00:00:03 (=IF(COUNT(BS8:BS39)<>0,AVERAGE(BS8:BS39),))",00:00:03,True,True
poi-src/test-data/spreadsheet/57181.xlsm,General!BU41,xl/worksheets/sheet2.xml:BU41,1.54320987654321E-6,[=0]?;[<4.16666666666667][hh]:mm:ss;[hh]:mm,"00:00:00 (=IF(COUNT(BU8:BU39)<>0,AVERAGE(BU8:BU39),))","00:00:00 (=IF(COUNT(BU8:BU39)<>0,AVERAGE(BU8:BU39),))",00:00:00,True,True
poi-src/test-data/spreadsheet/57181.xlsm,General!BF42,xl/worksheets/sheet2.xml:BF42,1.7361111111111112E-3,[=0]?;[<4.16666666666667][hh]:mm:ss;[hh]:mm,00:02:30 (=MAX(BF8:BF39)),00:02:30 (=MAX(BF8:BF39)),00:02:30,True,True
poi-src/test-data/spreadsheet/57181.xlsm,General!BG42,xl/worksheets/sheet2.xml:BG42,5.7870370370370378E-4,[=0]?;[<4.16666666666667][hh]:mm:ss;[hh]:mm,00:00:50 (=MAX(BG8:BG39)),00:00:50 (=MAX(BG8:BG39)),00:00:50,True,True
poi-src/test-data/spreadsheet/57181.xlsm,General!BH42,xl/worksheets/sheet2.xml:BH42,3.1250000000000001E-4,[=0]?;[<4.16666666666667][hh]:mm:ss;[hh]:mm,00:00:27 (=MAX(BH8:BH39)),00:00:27 (=MAX(BH8:BH39)),00:00:27,True,True
poi-src/test-data/spreadsheet/57181.xlsm,General!BI42,xl/worksheets/sheet2.xml:BI42,1.0416666666666667E-4,[=0]?;[<4.16666666666667][hh]:mm:ss;[hh]:mm,00:00:09 (=MAX(BI8:BI39)),00:00:09 (=MAX(BI8:BI39)),00:00:09,True,True
poi-src/test-data/spreadsheet/57181.xlsm,General!BO42,xl/worksheets/sheet2.xml:BO42,2.3148148148148146E-4,[=0]?;[<4.16666666666667][hh]:mm:ss;[hh]:mm,00:00:20 (=MAX(BO8:BO39)),00:00:20 (=MAX(BO8:BO39)),00:00:20,True,True
poi-src/test-data/spreadsheet/57181.xlsm,General!BP42,xl/worksheets/sheet2.xml:BP42,1.3888888888888889E-4,[=0]?;[<4.16666666666667][hh]:mm:ss;[hh]:mm,00:00:12 (=MAX(BP8:BP39)),00:00:12 (=MAX(BP8:BP39)),00:00:12,True,True
poi-src/test-data/spreadsheet/57181.xlsm,General!BQ42,xl/worksheets/sheet2.xml:BQ42,3.7037037037037041E-4,[=0]?;[<4.16666666666667][hh]:mm:ss;[hh]:mm,00:00:32 (=MAX(BQ8:BQ39)),00:00:32 (=MAX(BQ8:BQ39)),00:00:32,True,True
poi-src/test-data/spreadsheet/57181.xlsm,General!BR42,xl/worksheets/sheet2.xml:BR42,1.2345679012345679E-4,[=0]?;[<4.16666666666667][hh]:mm:ss;[hh]:mm,00:00:11 (=MAX(BR8:BR39)),00:00:11 (=MAX(BR8:BR39)),00:00:11,True,True
poi-src/test-data/spreadsheet/57181.xlsm,General!BS42,xl/worksheets/sheet2.xml:BS42,1.0879629629629631E-3,[=0]?;[<4.16666666666667][hh]:mm:ss;[hh]:mm,00:01:34 (=MAX(BS8:BS39)),00:01:34 (=MAX(BS8:BS39)),00:01:34,True,True
poi-src/test-data/spreadsheet/57181.xlsm,General!BT42,xl/worksheets/sheet2.xml:BT42,3.6265432098765439E-4,[=0]?;[<4.16666666666667][hh]:mm:ss;[hh]:mm,00:00:31 (=MAX(BT8:BT39)),00:00:31 (=MAX(BT8:BT39)),00:00:31,True,True
poi-src/test-data/spreadsheet/57181.xlsm,General!BU42,xl/worksheets/sheet2.xml:BU42,3.4722222222222222E-5,[=0]?;[<4.16666666666667][hh]:mm:ss;[hh]:mm,00:00:03 (=MAX(BU8:BU39)),00:00:03 (=MAX(BU8:BU39)),00:00:03,True,True
poi-src/test-data/spreadsheet/57181.xlsm,General!BV42,xl/worksheets/sheet2.xml:BV42,1.1574074074074075E-5,[=0]?;[<4.16666666666667][hh]:mm:ss;[hh]:mm,00:00:01 (=MAX(BV8:BV39)),00:00:01 (=MAX(BV8:BV39)),00:00:01,True,True
poi-src/test-data/spreadsheet/57181.xlsm,General!BF84,xl/worksheets/sheet2.xml:BF84,1.8750000000000001E-3,[=0]?;[<4.16666666666667][hh]:mm:ss;[hh]:mm,"00:02:42 (=SUM(BF8:BF39,BF52:BF83))","00:02:42 (=SUM(BF8:BF39,BF52:BF83))",00:02:42,True,True
poi-src/test-data/spreadsheet/57181.xlsm,General!BH84,xl/worksheets/sheet2.xml:BH84,4.1666666666666669E-4,[=0]?;[<4.16666666666667][hh]:mm:ss;[hh]:mm,"00:00:36 (=SUM(BH8:BH39,BH52:BH83))","00:00:36 (=SUM(BH8:BH39,BH52:BH83))",00:00:36,True,True
poi-src/test-data/spreadsheet/57181.xlsm,General!BO84,xl/worksheets/sheet2.xml:BO84,3.7037037037037035E-4,[=0]?;[<4.16666666666667][hh]:mm:ss;[hh]:mm,"00:00:32 (=SUM(BO8:BO39,BO52:BO83))","00:00:32 (=SUM(BO8:BO39,BO52:BO83))",00:00:32,True,True
poi-src/test-data/spreadsheet/57181.xlsm,General!BQ84,xl/worksheets/sheet2.xml:BQ84,4.3981481481481486E-4,[=0]?;[<4.16666666666667][hh]:mm:ss;[hh]:mm,"00:00:38 (=SUM(BQ8:BQ39,BQ52:BQ83))","00:00:38 (=SUM(BQ8:BQ39,BQ52:BQ83))",00:00:38,True,True
poi-src/test-data/spreadsheet/57181.xlsm,General!BS84,xl/worksheets/sheet2.xml:BS84,1.1111111111111113E-3,[=0]?;[<4.16666666666667][hh]:mm:ss;[hh]:mm,"00:01:36 (=SUM(BS8:BS39,BS52:BS83))","00:01:36 (=SUM(BS8:BS39,BS52:BS83))",00:01:36,True,True
poi-src/test-data/spreadsheet/57181.xlsm,General!BU84,xl/worksheets/sheet2.xml:BU84,4.6296296296296301E-5,[=0]?;[<4.16666666666667][hh]:mm:ss;[hh]:mm,"00:00:04 (=SUM(BU8:BU39,BU52:BU83))","00:00:04 (=SUM(BU8:BU39,BU52:BU83))",00:00:04,True,True
poi-src/test-data/spreadsheet/57181.xlsm,General!BF85,xl/worksheets/sheet2.xml:BF85,6.2500000000000001E-5,[=0]?;[<4.16666666666667][hh]:mm:ss;[hh]:mm,"00:00:05 (=IF(COUNT(BF8:BF39,BF52:BF83)<>0,AVERAGE(BF8:BF39,BF52:BF83),))","00:00:05 (=IF(COUNT(BF8:BF39,BF52:BF83)<>0,AVERAGE(BF8:BF39,BF52:BF83),))",00:00:05,True,True
poi-src/test-data/spreadsheet/57181.xlsm,General!BH85,xl/worksheets/sheet2.xml:BH85,1.388888888888889E-5,[=0]?;[<4.16666666666667][hh]:mm:ss;[hh]:mm,"00:00:01 (=IF(COUNT(BH8:BH39,BH52:BH83)<>0,AVERAGE(BH8:BH39,BH52:BH83),))","00:00:01 (=IF(COUNT(BH8:BH39,BH52:BH83)<>0,AVERAGE(BH8:BH39,BH52:BH83),))",00:00:01,True,True
poi-src/test-data/spreadsheet/57181.xlsm,General!BO85,xl/worksheets/sheet2.xml:BO85,1.2345679012345678E-5,[=0]?;[<4.16666666666667][hh]:mm:ss;[hh]:mm,"00:00:01 (=IF(COUNT(BO8:BO39,BO52:BO83)<>0,AVERAGE(BO8:BO39,BO52:BO83),))","00:00:01 (=IF(COUNT(BO8:BO39,BO52:BO83)<>0,AVERAGE(BO8:BO39,BO52:BO83),))",00:00:01,True,True
poi-src/test-data/spreadsheet/57181.xlsm,General!BQ85,xl/worksheets/sheet2.xml:BQ85,1.4660493827160496E-5,[=0]?;[<4.16666666666667][hh]:mm:ss;[hh]:mm,"00:00:01 (=IF(COUNT(BQ8:BQ39,BQ52:BQ83)<>0,AVERAGE(BQ8:BQ39,BQ52:BQ83),))","00:00:01 (=IF(COUNT(BQ8:BQ39,BQ52:BQ83)<>0,AVERAGE(BQ8:BQ39,BQ52:BQ83),))",00:00:01,True,True
poi-src/test-data/spreadsheet/57181.xlsm,General!BS85,xl/worksheets/sheet2.xml:BS85,3.7037037037037043E-5,[=0]?;[<4.16666666666667][hh]:mm:ss;[hh]:mm,"00:00:03 (=IF(COUNT(BS8:BS39,BS52:BS83)<>0,AVERAGE(BS8:BS39,BS52:BS83),))","00:00:03 (=IF(COUNT(BS8:BS39,BS52:BS83)<>0,AVERAGE(BS8:BS39,BS52:BS83),))",00:00:03,True,True
poi-src/test-data/spreadsheet/57181.xlsm,General!BU85,xl/worksheets/sheet2.xml:BU85,1.54320987654321E-6,[=0]?;[<4.16666666666667][hh]:mm:ss;[hh]:mm,"00:00:00 (=IF(COUNT(BU8:BU39,BU52:BU83)<>0,AVERAGE(BU8:BU39,BU52:BU83),))","00:00:00 (=IF(COUNT(BU8:BU39,BU52:BU83)<>0,AVERAGE(BU8:BU39,BU52:BU83),))",00:00:00,True,True
poi-src/test-data/spreadsheet/57181.xlsm,General!BF86,xl/worksheets/sheet2.xml:BF86,1.7361111111111112E-3,[=0]?;[<4.16666666666667][hh]:mm:ss;[hh]:mm,"00:02:30 (=MAX(BF8:BF39,BF52:BF83))","00:02:30 (=MAX(BF8:BF39,BF52:BF83))",00:02:30,True,True
poi-src/test-data/spreadsheet/57181.xlsm,General!BG86,xl/worksheets/sheet2.xml:BG86,5.7870370370370378E-4,[=0]?;[<4.16666666666667][hh]:mm:ss;[hh]:mm,"00:00:50 (=MAX(BG8:BG39,BG52:BG83))","00:00:50 (=MAX(BG8:BG39,BG52:BG83))",00:00:50,True,True
poi-src/test-data/spreadsheet/57181.xlsm,General!BH86,xl/worksheets/sheet2.xml:BH86,3.1250000000000001E-4,[=0]?;[<4.16666666666667][hh]:mm:ss;[hh]:mm,"00:00:27 (=MAX(BH8:BH39,BH52:BH83))","00:00:27 (=MAX(BH8:BH39,BH52:BH83))",00:00:27,True,True
poi-src/test-data/spreadsheet/57181.xlsm,General!BI86,xl/worksheets/sheet2.xml:BI86,1.0416666666666667E-4,[=0]?;[<4.16666666666667][hh]:mm:ss;[hh]:mm,"00:00:09 (=MAX(BI8:BI39,BI52:BI83))","00:00:09 (=MAX(BI8:BI39,BI52:BI83))",00:00:09,True,True
poi-src/test-data/spreadsheet/57181.xlsm,General!BO86,xl/worksheets/sheet2.xml:BO86,2.3148148148148146E-4,[=0]?;[<4.16666666666667][hh]:mm:ss;[hh]:mm,"00:00:20 (=MAX(BO8:BO39,BO52:BO83))","00:00:20 (=MAX(BO8:BO39,BO52:BO83))",00:00:20,True,True
poi-src/test-data/spreadsheet/57181.xlsm,General!BP86,xl/worksheets/sheet2.xml:BP86,1.3888888888888889E-4,[=0]?;[<4.16666666666667][hh]:mm:ss;[hh]:mm,"00:00:12 (=MAX(BP8:BP39,BP52:BP83))","00:00:12 (=MAX(BP8:BP39,BP52:BP83))",00:00:12,True,True
poi-src/test-data/spreadsheet/57181.xlsm,General!BQ86,xl/worksheets/sheet2.xml:BQ86,3.7037037037037041E-4,[=0]?;[<4.16666666666667][hh]:mm:ss;[hh]:mm,"00:00:32 (=MAX(BQ8:BQ39,BQ52:BQ83))","00:00:32 (=MAX(BQ8:BQ39,BQ52:BQ83))",00:00:32,True,True
poi-src/test-data/spreadsheet/57181.xlsm,General!BR86,xl/worksheets/sheet2.xml:BR86,1.2345679012345679E-4,[=0]?;[<4.16666666666667][hh]:mm:ss;[hh]:mm,"00:00:11 (=MAX(BR8:BR39,BR52:BR83))","00:00:11 (=MAX(BR8:BR39,BR52:BR83))",00:00:11,True,True
poi-src/test-data/spreadsheet/57181.xlsm,General!BS86,xl/worksheets/sheet2.xml:BS86,1.0879629629629631E-3,[=0]?;[<4.16666666666667][hh]:mm:ss;[hh]:mm,"00:01:34 (=MAX(BS8:BS39,BS52:BS83))","00:01:34 (=MAX(BS8:BS39,BS52:BS83))",00:01:34,True,True
poi-src/test-data/spreadsheet/57181.xlsm,General!BT86,xl/worksheets/sheet2.xml:BT86,3.6265432098765439E-4,[=0]?;[<4.16666666666667][hh]:mm:ss;[hh]:mm,"00:00:31 (=MAX(BT8:BT39,BT52:BT83))","00:00:31 (=MAX(BT8:BT39,BT52:BT83))",00:00:31,True,True
poi-src/test-data/spreadsheet/57181.xlsm,General!BU86,xl/worksheets/sheet2.xml:BU86,3.4722222222222222E-5,[=0]?;[<4.16666666666667][hh]:mm:ss;[hh]:mm,"00:00:03 (=MAX(BU8:BU39,BU52:BU83))","00:00:03 (=MAX(BU8:BU39,BU52:BU83))",00:00:03,True,True
poi-src/test-data/spreadsheet/57181.xlsm,General!BV86,xl/worksheets/sheet2.xml:BV86,1.1574074074074075E-5,[=0]?;[<4.16666666666667][hh]:mm:ss;[hh]:mm,"00:00:01 (=MAX(BV8:BV39,BV52:BV83))","00:00:01 (=MAX(BV8:BV39,BV52:BV83))",00:00:01,True,True
poi-src/test-data/spreadsheet/57181.xlsm,General!BF128,xl/worksheets/sheet2.xml:BF128,1.8750000000000001E-3,[=0]?;[<4.16666666666667][hh]:mm:ss;[hh]:mm,"00:02:42 (=SUM(BF8:BF39,BF52:BF83,BF96:BF127))","00:02:42 (=SUM(BF8:BF39,BF52:BF83,BF96:BF127))",00:02:42,True,True
poi-src/test-data/spreadsheet/57181.xlsm,General!BH128,xl/worksheets/sheet2.xml:BH128,4.1666666666666669E-4,[=0]?;[<4.16666666666667][hh]:mm:ss;[hh]:mm,"00:00:36 (=SUM(BH8:BH39,BH52:BH83,BH96:BH127))","00:00:36 (=SUM(BH8:BH39,BH52:BH83,BH96:BH127))",00:00:36,True,True
poi-src/test-data/spreadsheet/57181.xlsm,General!BO128,xl/worksheets/sheet2.xml:BO128,3.7037037037037035E-4,[=0]?;[<4.16666666666667][hh]:mm:ss;[hh]:mm,"00:00:32 (=SUM(BO8:BO39,BO52:BO83,BO96:BO127))","00:00:32 (=SUM(BO8:BO39,BO52:BO83,BO96:BO127))",00:00:32,True,True
poi-src/test-data/spreadsheet/57181.xlsm,General!BQ128,xl/worksheets/sheet2.xml:BQ128,4.3981481481481486E-4,[=0]?;[<4.16666666666667][hh]:mm:ss;[hh]:mm,"00:00:38 (=SUM(BQ8:BQ39,BQ52:BQ83,BQ96:BQ127))","00:00:38 (=SUM(BQ8:BQ39,BQ52:BQ83,BQ96:BQ127))",00:00:38,True,True
poi-src/test-data/spreadsheet/57181.xlsm,General!BS128,xl/worksheets/sheet2.xml:BS128,1.1111111111111113E-3,[=0]?;[<4.16666666666667][hh]:mm:ss;[hh]:mm,"00:01:36 (=SUM(BS8:BS39,BS52:BS83,BS96:BS127))","00:01:36 (=SUM(BS8:BS39,BS52:BS83,BS96:BS127))",00:01:36,True,True
poi-src/test-data/spreadsheet/57181.xlsm,General!BU128,xl/worksheets/sheet2.xml:BU128,4.6296296296296301E-5,[=0]?;[<4.16666666666667][hh]:mm:ss;[hh]:mm,"00:00:04 (=SUM(BU8:BU39,BU52:BU83,BU96:BU127))","00:00:04 (=SUM(BU8:BU39,BU52:BU83,BU96:BU127))",00:00:04,True,True
poi-src/test-data/spreadsheet/57181.xlsm,General!BF129,xl/worksheets/sheet2.xml:BF129,6.2500000000000001E-5,[=0]?;[<4.16666666666667][hh]:mm:ss;[hh]:mm,"00:00:05 (=IF(COUNT(BF8:BF39,BF52:BF83,BF96:BF127)<>0,AVERAGE(BF8:BF39,BF52:BF83,BF96:BF127),))","00:00:05 (=IF(COUNT(BF8:BF39,BF52:BF83,BF96:BF127)<>0,AVERAGE(BF8:BF39,BF52:BF83,BF96:BF127),))",00:00:05,True,True
poi-src/test-data/spreadsheet/57181.xlsm,General!BH129,xl/worksheets/sheet2.xml:BH129,1.388888888888889E-5,[=0]?;[<4.16666666666667][hh]:mm:ss;[hh]:mm,"00:00:01 (=IF(COUNT(BH8:BH39,BH52:BH83,BH96:BH127)<>0,AVERAGE(BH8:BH39,BH52:BH83,BH96:BH127),))","00:00:01 (=IF(COUNT(BH8:BH39,BH52:BH83,BH96:BH127)<>0,AVERAGE(BH8:BH39,BH52:BH83,BH96:BH127),))",00:00:01,True,True
poi-src/test-data/spreadsheet/57181.xlsm,General!BO129,xl/worksheets/sheet2.xml:BO129,1.2345679012345678E-5,[=0]?;[<4.16666666666667][hh]:mm:ss;[hh]:mm,"00:00:01 (=IF(COUNT(BO8:BO39,BO52:BO83,BO96:BO127)<>0,AVERAGE(BO8:BO39,BO52:BO83,BO96:BO127),))","00:00:01 (=IF(COUNT(BO8:BO39,BO52:BO83,BO96:BO127)<>0,AVERAGE(BO8:BO39,BO52:BO83,BO96:BO127),))",00:00:01,True,True
poi-src/test-data/spreadsheet/57181.xlsm,General!BQ129,xl/worksheets/sheet2.xml:BQ129,1.4660493827160496E-5,[=0]?;[<4.16666666666667][hh]:mm:ss;[hh]:mm,"00:00:01 (=IF(COUNT(BQ8:BQ39,BQ52:BQ83,BQ96:BQ127)<>0,AVERAGE(BQ8:BQ39,BQ52:BQ83,BQ96:BQ127),))","00:00:01 (=IF(COUNT(BQ8:BQ39,BQ52:BQ83,BQ96:BQ127)<>0,AVERAGE(BQ8:BQ39,BQ52:BQ83,BQ96:BQ127),))",00:00:01,True,True
poi-src/test-data/spreadsheet/57181.xlsm,General!BS129,xl/worksheets/sheet2.xml:BS129,3.7037037037037043E-5,[=0]?;[<4.16666666666667][hh]:mm:ss;[hh]:mm,"00:00:03 (=IF(COUNT(BS8:BS39,BS52:BS83,BS96:BS127)<>0,AVERAGE(BS8:BS39,BS52:BS83,BS96:BS127),))","00:00:03 (=IF(COUNT(BS8:BS39,BS52:BS83,BS96:BS127)<>0,AVERAGE(BS8:BS39,BS52:BS83,BS96:BS127),))",00:00:03,True,True
poi-src/test-data/spreadsheet/57181.xlsm,General!BU129,xl/worksheets/sheet2.xml:BU129,1.54320987654321E-6,[=0]?;[<4.16666666666667][hh]:mm:ss;[hh]:mm,"00:00:00 (=IF(COUNT(BU8:BU39,BU52:BU83,BU96:BU127)<>0,AVERAGE(BU8:BU39,BU52:BU83,BU96:BU127),))","00:00:00 (=IF(COUNT(BU8:BU39,BU52:BU83,BU96:BU127)<>0,AVERAGE(BU8:BU39,BU52:BU83,BU96:BU127),))",00:00:00,True,True
poi-src/test-data/spreadsheet/57181.xlsm,General!BF130,xl/worksheets/sheet2.xml:BF130,1.7361111111111112E-3,[=0]?;[<4.16666666666667][hh]:mm:ss;[hh]:mm,"00:02:30 (=MAX(BF8:BF39,BF52:BF83,BF96:BF127))","00:02:30 (=MAX(BF8:BF39,BF52:BF83,BF96:BF127))",00:02:30,True,True
poi-src/test-data/spreadsheet/57181.xlsm,General!BG130,xl/worksheets/sheet2.xml:BG130,5.7870370370370378E-4,[=0]?;[<4.16666666666667][hh]:mm:ss;[hh]:mm,"00:00:50 (=MAX(BG8:BG39,BG52:BG83,BG96:BG127))","00:00:50 (=MAX(BG8:BG39,BG52:BG83,BG96:BG127))",00:00:50,True,True
poi-src/test-data/spreadsheet/57181.xlsm,General!BH130,xl/worksheets/sheet2.xml:BH130,3.1250000000000001E-4,[=0]?;[<4.16666666666667][hh]:mm:ss;[hh]:mm,"00:00:27 (=MAX(BH8:BH39,BH52:BH83,BH96:BH127))","00:00:27 (=MAX(BH8:BH39,BH52:BH83,BH96:BH127))",00:00:27,True,True
poi-src/test-data/spreadsheet/57181.xlsm,General!BI130,xl/worksheets/sheet2.xml:BI130,1.0416666666666667E-4,[=0]?;[<4.16666666666667][hh]:mm:ss;[hh]:mm,"00:00:09 (=MAX(BI8:BI39,BI52:BI83,BI96:BI127))","00:00:09 (=MAX(BI8:BI39,BI52:BI83,BI96:BI127))",00:00:09,True,True
poi-src/test-data/spreadsheet/57181.xlsm,General!BO130,xl/worksheets/sheet2.xml:BO130,2.3148148148148146E-4,[=0]?;[<4.16666666666667][hh]:mm:ss;[hh]:mm,"00:00:20 (=MAX(BO8:BO39,BO52:BO83,BO96:BO127))","00:00:20 (=MAX(BO8:BO39,BO52:BO83,BO96:BO127))",00:00:20,True,True
poi-src/test-data/spreadsheet/57181.xlsm,General!BP130,xl/worksheets/sheet2.xml:BP130,1.3888888888888889E-4,[=0]?;[<4.16666666666667][hh]:mm:ss;[hh]:mm,"00:00:12 (=MAX(BP8:BP39,BP52:BP83,BP96:BP127))","00:00:12 (=MAX(BP8:BP39,BP52:BP83,BP96:BP127))",00:00:12,True,True
poi-src/test-data/spreadsheet/57181.xlsm,General!BQ130,xl/worksheets/sheet2.xml:BQ130,3.7037037037037041E-4,[=0]?;[<4.16666666666667][hh]:mm:ss;[hh]:mm,"00:00:32 (=MAX(BQ8:BQ39,BQ52:BQ83,BQ96:BQ127))","00:00:32 (=MAX(BQ8:BQ39,BQ52:BQ83,BQ96:BQ127))",00:00:32,True,True
poi-src/test-data/spreadsheet/57181.xlsm,General!BR130,xl/worksheets/sheet2.xml:BR130,1.2345679012345679E-4,[=0]?;[<4.16666666666667][hh]:mm:ss;[hh]:mm,"00:00:11 (=MAX(BR8:BR39,BR52:BR83,BR96:BR127))","00:00:11 (=MAX(BR8:BR39,BR52:BR83,BR96:BR127))",00:00:11,True,True
poi-src/test-data/spreadsheet/57181.xlsm,General!BS130,xl/worksheets/sheet2.xml:BS130,1.0879629629629631E-3,[=0]?;[<4.16666666666667][hh]:mm:ss;[hh]:mm,"00:01:34 (=MAX(BS8:BS39,BS52:BS83,BS96:BS127))","00:01:34 (=MAX(BS8:BS39,BS52:BS83,BS96:BS127))",00:01:34,True,True
poi-src/test-data/spreadsheet/57181.xlsm,General!BT130,xl/worksheets/sheet2.xml:BT130,3.6265432098765439E-4,[=0]?;[<4.16666666666667][hh]:mm:ss;[hh]:mm,"00:00:31 (=MAX(BT8:BT39,BT52:BT83,BT96:BT127))","00:00:31 (=MAX(BT8:BT39,BT52:BT83,BT96:BT127))",00:00:31,True,True
poi-src/test-data/spreadsheet/57181.xlsm,General!BU130,xl/worksheets/sheet2.xml:BU130,3.4722222222222222E-5,[=0]?;[<4.16666666666667][hh]:mm:ss;[hh]:mm,"00:00:03 (=MAX(BU8:BU39,BU52:BU83,BU96:BU127))","00:00:03 (=MAX(BU8:BU39,BU52:BU83,BU96:BU127))",00:00:03,True,True
poi-src/test-data/spreadsheet/57181.xlsm,General!BV130,xl/worksheets/sheet2.xml:BV130,1.1574074074074075E-5,[=0]?;[<4.16666666666667][hh]:mm:ss;[hh]:mm,"00:00:01 (=MAX(BV8:BV39,BV52:BV83,BV96:BV127))","00:00:01 (=MAX(BV8:BV39,BV52:BV83,BV96:BV127))",00:00:01,True,True
poi-src/test-data/spreadsheet/57181.xlsm,Detailed_report!AI11,xl/worksheets/sheet3.xml:AI11,5.7870370370370378E-4,[=0]?;[<4.16666666666667][hh]:mm:ss;[hh]:mm,00:00:50,00:00:50,00:00:50,True,True
poi-src/test-data/spreadsheet/57181.xlsm,Detailed_report!AJ11,xl/worksheets/sheet3.xml:AJ11,1.2345679012345679E-4,[=0]?;[<4.16666666666667][hh]:mm:ss;[hh]:mm,00:00:11,00:00:11,00:00:11,True,True
poi-src/test-data/spreadsheet/57181.xlsm,Detailed_report!AK11,xl/worksheets/sheet3.xml:AK11,1.1574074074074073E-5,[=0]?;[<4.16666666666667][hh]:mm:ss;[hh]:mm,00:00:01,00:00:01,00:00:01,True,True
poi-src/test-data/spreadsheet/57181.xlsm,Detailed_report!AL11,xl/worksheets/sheet3.xml:AL11,3.6265432098765439E-4,[=0]?;[<4.16666666666667][hh]:mm:ss;[hh]:mm,00:00:31,00:00:31,00:00:31,True,True
poi-src/test-data/spreadsheet/57181.xlsm,Detailed_report!AM11,xl/worksheets/sheet3.xml:AM11,7.7160493827160492E-5,[=0]?;[<4.16666666666667][hh]:mm:ss;[hh]:mm,00:00:07,00:00:07,00:00:07,True,True
poi-src/test-data/spreadsheet/57181.xlsm,Detailed_report!AI17,xl/worksheets/sheet3.xml:AI17,1.3888888888888889E-4,[=0]?;[<4.16666666666667][hh]:mm:ss;[hh]:mm,00:00:12,00:00:12,00:00:12,True,True
poi-src/test-data/spreadsheet/57181.xlsm,Detailed_report!AJ17,xl/worksheets/sheet3.xml:AJ17,6.9444444444444444E-5,[=0]?;[<4.16666666666667][hh]:mm:ss;[hh]:mm,00:00:06,00:00:06,00:00:06,True,True
poi-src/test-data/spreadsheet/57181.xlsm,Detailed_report!AK17,xl/worksheets/sheet3.xml:AK17,1.1574074074074075E-5,[=0]?;[<4.16666666666667][hh]:mm:ss;[hh]:mm,00:00:01,00:00:01,00:00:01,True,True
poi-src/test-data/spreadsheet/57181.xlsm,Detailed_report!AL17,xl/worksheets/sheet3.xml:AL17,2.314814814814815E-5,[=0]?;[<4.16666666666667][hh]:mm:ss;[hh]:mm,00:00:02,00:00:02,00:00:02,True,True
poi-src/test-data/spreadsheet/57181.xlsm,Detailed_report!AM17,xl/worksheets/sheet3.xml:AM17,1.3888888888888889E-4,[=0]?;[<4.16666666666667][hh]:mm:ss;[hh]:mm,00:00:12,00:00:12,00:00:12,True,True
poi-src/test-data/spreadsheet/57181.xlsm,Detailed_report!AI42,xl/worksheets/sheet3.xml:AI42,5.7870370370370378E-4,[=0]?;[<4.16666666666667][hh]:mm:ss;[hh]:mm,00:00:50,00:00:50,00:00:50,True,True
poi-src/test-data/spreadsheet/57181.xlsm,Detailed_report!AJ42,xl/worksheets/sheet3.xml:AJ42,1.2345679012345679E-4,[=0]?;[<4.16666666666667][hh]:mm:ss;[hh]:mm,00:00:11,00:00:11,00:00:11,True,True
poi-src/test-data/spreadsheet/57181.xlsm,Detailed_report!AK42,xl/worksheets/sheet3.xml:AK42,1.1574074074074075E-5,[=0]?;[<4.16666666666667][hh]:mm:ss;[hh]:mm,00:00:01,00:00:01,00:00:01,True,True
poi-src/test-data/spreadsheet/57181.xlsm,Detailed_report!AL42,xl/worksheets/sheet3.xml:AL42,3.6265432098765439E-4,[=0]?;[<4.16666666666667][hh]:mm:ss;[hh]:mm,00:00:31,00:00:31,00:00:31,True,True
poi-src/test-data/spreadsheet/57181.xlsm,Detailed_report!AM42,xl/worksheets/sheet3.xml:AM42,1.3888888888888889E-4,[=0]?;[<4.16666666666667][hh]:mm:ss;[hh]:mm,00:00:12,00:00:12,00:00:12,True,True
poi-src/test-data/spreadsheet/57181.xlsm,Detailed_report!AI86,xl/worksheets/sheet3.xml:AI86,5.7870370370370378E-4,[=0]?;[<4.16666666666667][hh]:mm:ss;[hh]:mm,00:00:50,00:00:50,00:00:50,True,True
poi-src/test-data/spreadsheet/57181.xlsm,Detailed_report!AJ86,xl/worksheets/sheet3.xml:AJ86,1.2345679012345679E-4,[=0]?;[<4.16666666666667][hh]:mm:ss;[hh]:mm,00:00:11,00:00:11,00:00:11,True,True
poi-src/test-data/spreadsheet/57181.xlsm,Detailed_report!AK86,xl/worksheets/sheet3.xml:AK86,1.1574074074074075E-5,[=0]?;[<4.16666666666667][hh]:mm:ss;[hh]:mm,00:00:01,00:00:01,00:00:01,True,True
poi-src/test-data/spreadsheet/57181.xlsm,Detailed_report!AL86,xl/worksheets/sheet3.xml:AL86,3.6265432098765439E-4,[=0]?;[<4.16666666666667][hh]:mm:ss;[hh]:mm,00:00:31,00:00:31,00:00:31,True,True
poi-src/test-data/spreadsheet/57181.xlsm,Detailed_report!AM86,xl/worksheets/sheet3.xml:AM86,1.3888888888888889E-4,[=0]?;[<4.16666666666667][hh]:mm:ss;[hh]:mm,00:00:12,00:00:12,00:00:12,True,True
poi-src/test-data/spreadsheet/57181.xlsm,Detailed_report!AI130,xl/worksheets/sheet3.xml:AI130,5.7870370370370378E-4,[=0]?;[<4.16666666666667][hh]:mm:ss;[hh]:mm,00:00:50,00:00:50,00:00:50,True,True
poi-src/test-data/spreadsheet/57181.xlsm,Detailed_report!AJ130,xl/worksheets/sheet3.xml:AJ130,1.2345679012345679E-4,[=0]?;[<4.16666666666667][hh]:mm:ss;[hh]:mm,00:00:11,00:00:11,00:00:11,True,True
poi-src/test-data/spreadsheet/57181.xlsm,Detailed_report!AK130,xl/worksheets/sheet3.xml:AK130,1.1574074074074075E-5,[=0]?;[<4.16666666666667][hh]:mm:ss;[hh]:mm,00:00:01,00:00:01,00:00:01,True,True
poi-src/test-data/spreadsheet/57181.xlsm,Detailed_report!AL130,xl/worksheets/sheet3.xml:AL130,3.6265432098765439E-4,[=0]?;[<4.16666666666667][hh]:mm:ss;[hh]:mm,00:00:31,00:00:31,00:00:31,True,True
poi-src/test-data/spreadsheet/57181.xlsm,Detailed_report!AM130,xl/worksheets/sheet3.xml:AM130,1.3888888888888889E-4,[=0]?;[<4.16666666666667][hh]:mm:ss;[hh]:mm,00:00:12,00:00:12,00:00:12,True,True
poi-src/test-data/spreadsheet/57181.xlsm,Summary_report!K8,xl/worksheets/sheet4.xml:K8,4.6875000000000004E-4,[=0]?;[<4.16666666666667][hh]:mm:ss;[hh]:mm,00:00:40,00:00:41,00:00:41,False,True
poi-src/test-data/spreadsheet/57181.xlsm,Summary_report!L8,xl/worksheets/sheet4.xml:L8,9.2592592592592588E-5,[=0]?;[<4.16666666666667][hh]:mm:ss;[hh]:mm,00:00:08,00:00:08,00:00:08,True,True
poi-src/test-data/spreadsheet/57181.xlsm,Summary_report!K35,xl/worksheets/sheet4.xml:K35,4.6875000000000004E-4,[=0]?;[<4.16666666666667][hh]:mm:ss;[hh]:mm,00:00:40,00:00:41,00:00:41,False,True
poi-src/test-data/spreadsheet/57181.xlsm,Summary_report!L35,xl/worksheets/sheet4.xml:L35,9.2592592592592588E-5,[=0]?;[<4.16666666666667][hh]:mm:ss;[hh]:mm,00:00:08,00:00:08,00:00:08,True,True
poi-src/test-data/spreadsheet/57181.xlsm,Summary_report!K36,xl/worksheets/sheet4.xml:K36,4.6875000000000004E-4,[=0]?;[<4.16666666666667][hh]:mm:ss;[hh]:mm,00:00:40,00:00:41,00:00:41,False,True
poi-src/test-data/spreadsheet/57181.xlsm,Summary_report!L36,xl/worksheets/sheet4.xml:L36,9.2592592592592588E-5,[=0]?;[<4.16666666666667][hh]:mm:ss;[hh]:mm,00:00:08,00:00:08,00:00:08,True,True
